{
  "input_json": "outputs/metrics/descending_motor_atlas.json",
  "baseline": {
    "sim_seconds": 0.098,
    "avg_forward_speed": 1.878783882417969,
    "trajectory_smoothness": 0.3810701903631903,
    "path_length": 0.18412082047696096,
    "net_displacement": 0.048218781649055874,
    "displacement_efficiency": 0.2618866325065583,
    "bbox_width": 0.0876833712682128,
    "bbox_height": 0.006856860127300024,
    "bbox_area": 0.0006012326122762529,
    "stable": 1.0,
    "label": "baseline",
    "side_mode": "baseline",
    "stim_current": 0.0,
    "duration_s": 0.1,
    "wall_seconds": 15.449390469999344,
    "real_time_factor": 0.006472747270786293,
    "mean_left_drive": 0.0,
    "mean_right_drive": 0.0,
    "mean_total_drive": 0.0,
    "mean_abs_drive_diff": 0.0,
    "end_yaw": 0.0021181274205446243,
    "mean_forward_speed_log": 0.13364981440385482
  },
  "forward_ranked": [
    {
      "label": "DNp103",
      "side_mode": "bilateral",
      "delta_net_displacement_vs_baseline": 0.2971154066756455,
      "delta_avg_forward_speed_vs_baseline": 3.9663798952566722,
      "delta_mean_total_drive_vs_baseline": 1.0552937425536013,
      "delta_end_yaw_vs_baseline": 0.009553184732794762,
      "mean_abs_drive_diff": 0.0,
      "net_displacement": 0.34533418832470136,
      "avg_forward_speed": 5.8451637776746415,
      "mean_total_drive": 1.0552937425536013,
      "end_yaw": 0.011671312153339386
    },
    {
      "label": "DNp18",
      "side_mode": "bilateral",
      "delta_net_displacement_vs_baseline": 0.28439373062252166,
      "delta_avg_forward_speed_vs_baseline": 3.7943806592695886,
      "delta_mean_total_drive_vs_baseline": 1.000504812901846,
      "delta_end_yaw_vs_baseline": 0.011271575465798378,
      "mean_abs_drive_diff": 0.0,
      "net_displacement": 0.3326125122715775,
      "avg_forward_speed": 5.673164541687558,
      "mean_total_drive": 1.000504812901846,
      "end_yaw": 0.013389702886343002
    },
    {
      "label": "DNg97",
      "side_mode": "bilateral",
      "delta_net_displacement_vs_baseline": 0.28203618102389316,
      "delta_avg_forward_speed_vs_baseline": 3.7865084013289394,
      "delta_mean_total_drive_vs_baseline": 1.000504812901846,
      "delta_end_yaw_vs_baseline": 0.0011660456657409668,
      "mean_abs_drive_diff": 0.03891219097797835,
      "net_displacement": 0.330254962672949,
      "avg_forward_speed": 5.665292283746909,
      "mean_total_drive": 1.000504812901846,
      "end_yaw": 0.003284173086285591
    },
    {
      "label": "DNpe016",
      "side_mode": "bilateral",
      "delta_net_displacement_vs_baseline": 0.0253023873831699,
      "delta_avg_forward_speed_vs_baseline": 0.8621254466498456,
      "delta_mean_total_drive_vs_baseline": 0.18478048218685203,
      "delta_end_yaw_vs_baseline": -0.0072640408761799335,
      "mean_abs_drive_diff": 0.008725689049650199,
      "net_displacement": 0.07352116903222577,
      "avg_forward_speed": 2.7409093290678146,
      "mean_total_drive": 0.18478048218685203,
      "end_yaw": -0.005145913455635309
    },
    {
      "label": "DNae002",
      "side_mode": "bilateral",
      "delta_net_displacement_vs_baseline": 0.0,
      "delta_avg_forward_speed_vs_baseline": 0.0,
      "delta_mean_total_drive_vs_baseline": 0.0,
      "delta_end_yaw_vs_baseline": 0.0,
      "mean_abs_drive_diff": 0.0,
      "net_displacement": 0.048218781649055874,
      "avg_forward_speed": 1.878783882417969,
      "mean_total_drive": 0.0,
      "end_yaw": 0.0021181274205446243
    }
  ],
  "turn_ranked": [
    {
      "label": "DNpe040",
      "left_delta_end_yaw_vs_baseline": -0.025375325232744217,
      "right_delta_end_yaw_vs_baseline": 0.012182901613414288,
      "mirror_yaw_sign": true,
      "left_delta_net_displacement_vs_baseline": 0.09923427043180366,
      "right_delta_net_displacement_vs_baseline": 0.11367778604750492,
      "left_mean_abs_drive_diff": 0.4262888137481939,
      "right_mean_abs_drive_diff": 0.45159521875999525
    },
    {
      "label": "DNpe056",
      "left_delta_end_yaw_vs_baseline": -0.009921310003846884,
      "right_delta_end_yaw_vs_baseline": 0.003256593830883503,
      "mirror_yaw_sign": true,
      "left_delta_net_displacement_vs_baseline": 0.0903771313206771,
      "right_delta_net_displacement_vs_baseline": 0.09121917350669786,
      "left_mean_abs_drive_diff": 0.4192554415441558,
      "right_mean_abs_drive_diff": 0.4075021569329077
    },
    {
      "label": "DNp71",
      "left_delta_end_yaw_vs_baseline": -0.009921310003846884,
      "right_delta_end_yaw_vs_baseline": -0.009921310003846884,
      "mirror_yaw_sign": false,
      "left_delta_net_displacement_vs_baseline": 0.0903771313206771,
      "right_delta_net_displacement_vs_baseline": 0.0903771313206771,
      "left_mean_abs_drive_diff": 0.4192554415441558,
      "right_mean_abs_drive_diff": 0.4192554415441558
    },
    {
      "label": "DNpe031",
      "left_delta_end_yaw_vs_baseline": 0.0,
      "right_delta_end_yaw_vs_baseline": 0.0,
      "mirror_yaw_sign": false,
      "left_delta_net_displacement_vs_baseline": 0.0,
      "right_delta_net_displacement_vs_baseline": 0.0,
      "left_mean_abs_drive_diff": 0.0,
      "right_mean_abs_drive_diff": 0.0
    }
  ],
  "rows": [
    {
      "label": "DNg97",
      "side_mode": "bilateral",
      "delta_net_displacement_vs_baseline": 0.28203618102389316,
      "delta_avg_forward_speed_vs_baseline": 3.7865084013289394,
      "delta_mean_total_drive_vs_baseline": 1.000504812901846,
      "delta_end_yaw_vs_baseline": 0.0011660456657409668,
      "mean_abs_drive_diff": 0.03891219097797835,
      "net_displacement": 0.330254962672949,
      "avg_forward_speed": 5.665292283746909,
      "mean_total_drive": 1.000504812901846,
      "end_yaw": 0.003284173086285591
    },
    {
      "label": "DNp103",
      "side_mode": "bilateral",
      "delta_net_displacement_vs_baseline": 0.2971154066756455,
      "delta_avg_forward_speed_vs_baseline": 3.9663798952566722,
      "delta_mean_total_drive_vs_baseline": 1.0552937425536013,
      "delta_end_yaw_vs_baseline": 0.009553184732794762,
      "mean_abs_drive_diff": 0.0,
      "net_displacement": 0.34533418832470136,
      "avg_forward_speed": 5.8451637776746415,
      "mean_total_drive": 1.0552937425536013,
      "end_yaw": 0.011671312153339386
    },
    {
      "label": "DNp18",
      "side_mode": "bilateral",
      "delta_net_displacement_vs_baseline": 0.28439373062252166,
      "delta_avg_forward_speed_vs_baseline": 3.7943806592695886,
      "delta_mean_total_drive_vs_baseline": 1.000504812901846,
      "delta_end_yaw_vs_baseline": 0.011271575465798378,
      "mean_abs_drive_diff": 0.0,
      "net_displacement": 0.3326125122715775,
      "avg_forward_speed": 5.673164541687558,
      "mean_total_drive": 1.000504812901846,
      "end_yaw": 0.013389702886343002
    },
    {
      "label": "DNp71",
      "side_mode": "left",
      "delta_net_displacement_vs_baseline": 0.0903771313206771,
      "delta_avg_forward_speed_vs_baseline": 1.9589490414098638,
      "delta_mean_total_drive_vs_baseline": 0.0,
      "delta_end_yaw_vs_baseline": -0.009921310003846884,
      "mean_abs_drive_diff": 0.4192554415441558,
      "net_displacement": 0.13859591296973298,
      "avg_forward_speed": 3.837732923827833,
      "mean_total_drive": 0.0,
      "end_yaw": -0.0078031825833022594
    },
    {
      "label": "DNp71",
      "side_mode": "right",
      "delta_net_displacement_vs_baseline": 0.0903771313206771,
      "delta_avg_forward_speed_vs_baseline": 1.9589490414098638,
      "delta_mean_total_drive_vs_baseline": 0.0,
      "delta_end_yaw_vs_baseline": -0.009921310003846884,
      "mean_abs_drive_diff": 0.4192554415441558,
      "net_displacement": 0.13859591296973298,
      "avg_forward_speed": 3.837732923827833,
      "mean_total_drive": 0.0,
      "end_yaw": -0.0078031825833022594
    },
    {
      "label": "DNpe040",
      "side_mode": "left",
      "delta_net_displacement_vs_baseline": 0.09923427043180366,