avg_forward_speed,corr_drive_diff_vs_target_bearing,corr_forward_speed_vs_target_frontalness,corr_total_drive_vs_target_frontalness,displacement_efficiency,mean_abs_drive_diff,mean_abs_yaw_rate,mean_forward_speed_log,mean_total_drive,net_displacement,nonzero_command_cycles,path_length,real_time_factor,run,sim_seconds,stable,steer_sign_match_rate,steer_sign_opp_rate,target_distance_end,target_distance_min,target_distance_start,target_enabled,target_state_source
4.924057440740504,0.8809889705757767,0.12978530446224454,0.46342475397781535,0.5852930154862924,0.23135474418690488,1.5980351707112277,4.920174872368467,0.495721255471884,5.758268822981613,993,9.838266766599526,0.0023605342132804142,target,1.9999999999997962,1.0,0.8877551020408163,0.09183673469387756,11.459331404592701,6.485636589013387,9.99257404565486,True,logged
3.907028380353221,,,,0.6776948827669508,0.10450359625365861,1.320841688735527,3.904162841041571,0.4424820589556034,5.29025073410087,993,7.806242703945736,0.002780690318296614,no_target,1.9999999999997962,1.0,,,,,,False,
0.18465096971869335,,,,0.0320475393946615,0.0,0.06149121472844854,0.18550780781767853,0.0,0.011823383234191902,0,0.36893263749794936,0.006182928549716477,zero_brain,1.9999999999997962,1.0,,,,,,False,
