avg_forward_speed,corr_drive_diff_vs_target_bearing,corr_forward_speed_vs_target_frontalness,corr_total_drive_vs_target_frontalness,displacement_efficiency,mean_abs_drive_diff,mean_abs_yaw_rate,mean_forward_speed_log,mean_total_drive,net_displacement,nonzero_command_cycles,path_length,real_time_factor,run,sim_seconds,stable,steer_sign_match_rate,steer_sign_opp_rate,target_distance_end,target_distance_min,target_distance_start,target_enabled,target_state_source
3.6651577683842382,0.459042453179978,0.06919376925019616,0.20531024405818532,0.5849188043947952,0.1077707909923879,1.242527325390256,3.662534099684558,0.4441768885740195,4.2833517602036055,993,7.322985221231709,0.0024533195970989187,target,1.9999999999997962,1.0,0.6526639344262295,0.32684426229508196,10.89884288572246,7.870233313494172,9.99257404565486,True,logged
3.6750986385881887,,,,0.6055175842240189,0.10259877290385935,1.32207788231608,3.672465029018304,0.4302983772685672,4.446223025146955,993,7.342847079899201,0.0029096016833771578,no_target,1.9999999999997962,1.0,,,,,,False,
0.18465096971869335,,,,0.0320475393946615,0.0,0.06149121472844854,0.18550780781767853,0.0,0.011823383234191902,0,0.36893263749794936,0.006671477851086371,zero_brain,1.9999999999997962,1.0,,,,,,False,
