avg_forward_speed,corr_drive_diff_vs_target_bearing,corr_forward_speed_vs_target_frontalness,corr_total_drive_vs_target_frontalness,displacement_efficiency,mean_abs_drive_diff,mean_abs_yaw_rate,mean_forward_speed_log,mean_total_drive,net_displacement,nonzero_command_cycles,path_length,real_time_factor,run,sim_seconds,stable,steer_sign_match_rate,steer_sign_opp_rate,target_distance_end,target_distance_min,target_distance_start,target_enabled,target_state_source
4.415297537302404,0.848057435148708,0.38381974764475574,0.5212442764784544,0.6287062882807148,0.22459890649705896,1.4676857433464647,4.411926092761494,0.4707870808763767,5.546298802012086,993,8.821764479530204,0.0023576823067319756,target,1.9999999999997962,1.0,0.9031281533804238,0.08274470232088799,11.503655167347935,6.314038581694235,9.992567615026756,True,logged
4.650604531957434,,,,0.7265490628771702,0.10165815759672568,1.517001021910346,4.646997780421869,0.5247491414222913,6.751026944282977,993,9.291907854850953,0.0029940351840648197,no_target,1.9999999999997962,1.0,,,,,,False,
0.5930665447865197,,,,0.01407719265804673,0.0,0.22278588281977818,0.5935173312381256,0.0,0.016680726595983866,0,1.184946956483466,0.005973950269609188,zero_brain,1.9999999999997962,1.0,,,,,,False,
