{
  "config": "configs/flygym_realistic_vision_splice_uvgrid_celltype_descending_readout_calibrated.yaml",
  "mode": "mock",
  "candidates_json": "outputs/metrics/descending_readout_candidates_strict.json",
  "stim_current": 40.0,
  "duration": 0.05,
  "rows": [
    {
      "sim_seconds": 0.048,
      "avg_forward_speed": 0.7344296616350082,
      "trajectory_smoothness": 0.9282205756499705,
      "path_length": 0.0352526237584804,
      "net_displacement": 0.03525262217223801,
      "displacement_efficiency": 0.9999999550035652,
      "bbox_width": 0.0352526213733046,
      "bbox_height": 7.505264473791063e-06,
      "bbox_area": 2.645802468010705e-07,
      "stable": 1.0,
      "label": "DNg97",
      "side_mode": "bilateral",
      "stim_current": 40.0,
      "duration_s": 0.05,
      "wall_seconds": 4.1691062999889255,
      "real_time_factor": 0.011992977967516161,
      "mean_left_drive": 0.36163060112558376,
      "mean_right_drive": 0.3434218742524566,
      "mean_total_drive": 0.7050524753780404,
      "mean_abs_drive_diff": 0.018208726873127083,
      "end_yaw": -0.0009104363436563562,
      "mean_forward_speed_log": 0.5513123221557439
    },
    {
      "sim_seconds": 0.048,
      "avg_forward_speed": 0.7357468999339151,
      "trajectory_smoothness": 0.9280906828776114,
      "path_length": 0.035315851196827924,
      "net_displacement": 0.035315851196827924,
      "displacement_efficiency": 1.0,
      "bbox_width": 0.035315851196827924,
      "bbox_height": 0.0,
      "bbox_area": 0.0,
      "stable": 1.0,
      "label": "DNp103",
      "side_mode": "bilateral",
      "stim_current": 40.0,
      "duration_s": 0.05,
      "wall_seconds": 4.216958399978466,
      "real_time_factor": 0.011856887182063576,
      "mean_left_drive": 0.3531585119682781,
      "mean_right_drive": 0.3531585119682781,
      "mean_total_drive": 0.7063170239365562,
      "mean_abs_drive_diff": 0.0,
      "end_yaw": 0.0,
      "mean_forward_speed_log": 0.5523470129996771
    },
    {
      "sim_seconds": 0.048,
      "avg_forward_speed": 0.7344296618521245,
      "trajectory_smoothness": 0.9282205756807742,
      "path_length": 0.03525262376890198,
      "net_displacement": 0.03525262376890198,
      "displacement_efficiency": 1.0,
      "bbox_width": 0.03525262376890198,
      "bbox_height": 0.0,
      "bbox_area": 0.0,
      "stable": 1.0,
      "label": "DNp18",
      "side_mode": "bilateral",
      "stim_current": 40.0,
      "duration_s": 0.05,
      "wall_seconds": 4.152657900005579,
      "real_time_factor": 0.0120404813504943,
      "mean_left_drive": 0.3525262376890202,
      "mean_right_drive": 0.3525262376890202,
      "mean_total_drive": 0.7050524753780404,
      "mean_abs_drive_diff": 0.0,
      "end_yaw": 0.0,
      "mean_forward_speed_log": 0.5513123221557439
    },
    {
      "sim_seconds": 0.048,
      "avg_forward_speed": 0.0,
      "trajectory_smoothness": 1.0,
      "path_length": 0.0,
      "net_displacement": 0.0,
      "displacement_efficiency": 0.0,
      "bbox_width": 0.0,
      "bbox_height": 0.0,
      "bbox_area": 0.0,
      "stable": 1.0,
      "label": "DNp71",
      "side_mode": "left",
      "stim_current": 40.0,
      "duration_s": 0.05,
      "wall_seconds": 4.203570200013928,
      "real_time_factor": 0.011894650885058214,
      "mean_left_drive": 0.14772397047200403,
      "mean_right_drive": -0.14772397047200403,
      "mean_total_drive": 0.0,
      "mean_abs_drive_diff": 0.29544794094400806,
      "end_yaw": -0.014772397047200436,
      "mean_forward_speed_log": 0.0
    },
    {
      "sim_seconds": 0.048,
      "avg_forward_speed": 0.0,
      "trajectory_smoothness": 1.0,
      "path_length": 0.0,
      "net_displacement": 0.0,
      "displacement_efficiency": 0.0,
      "bbox_width": 0.0,
      "bbox_height": 0.0,
      "bbox_area": 0.0,
      "stable": 1.0,
      "label": "DNp71",
      "side_mode": "right",
      "stim_current": 40.0,
      "duration_s": 0.05,
      "wall_seconds": 4.177126499998849,
      "real_time_factor": 0.011969951113525957,
      "mean_left_drive": -0.14772397047200403,
      "mean_right_drive": 0.14772397047200403,
      "mean_total_drive": 0.0,
      "mean_abs_drive_diff": 0.29544794094400806,
      "end_yaw": 0.014772397047200436,
      "mean_forward_speed_log": 0.0
    },
    {
      "sim_seconds": 0.048,
      "avg_forward_speed": 0.04230655691961712,
      "trajectory_smoothness": 0.9885908826809601,
      "path_length": 0.0020307147321416215,
      "net_displacement": 0.002030708204991066,
      "displacement_efficiency": 0.9999967857865746,
      "bbox_width": 0.002030578112501149,
      "bbox_height": 2.2985709675993523e-05,
      "bbox_area": 4.6674278968378326e-08,
      "stable": 1.0,
      "label": "DNpe040",
      "side_mode": "left",
      "stim_current": 40.0,
      "duration_s": 0.05,
      "wall_seconds": 4.181249000015669,
      "real_time_factor": 0.01195814934719569,
      "mean_left_drive": 0.1713617342186094,
      "mean_right_drive": -0.13074743816221085,
      "mean_total_drive": 0.04061429605639853,
      "mean_abs_drive_diff": 0.30210917238082025,
      "end_yaw": -0.015105458619040961,
      "mean_forward_speed_log": 0.08686149656989114
    },
    {
      "sim_seconds": 0.048,
      "avg_forward_speed": 0.05663768141644615,
      "trajectory_smoothness": 0.9877107502146221,
      "path_length": 0.0027186087079894153,
      "net_displacement": 0.0027185994143949393,
      "displacement_efficiency": 0.9999965814887414,
      "bbox_width": 0.002718425439351342,
      "bbox_height": 3.0755595197761756e-05,
      "bbox_area": 8.360679238798753e-08,
      "stable": 1.0,
      "label": "DNpe040",
      "side_mode": "right",
      "stim_current": 40.0,
      "duration_s": 0.05,
      "wall_seconds": 4.166809199959971,
      "real_time_factor": 0.011999589518157043,
      "mean_left_drive": -0.12914494106473928,
      "mean_right_drive": 0.18351711727309236,
      "mean_total_drive": 0.054372176208353065,
      "mean_abs_drive_diff": 0.31266205833783167,
      "end_yaw": 0.015633102916891614,
      "mean_forward_speed_log": 0.07588446453375722
    },
    {
      "sim_seconds": 0.048,
      "avg_forward_speed": 0.0,
      "trajectory_smoothness": 1.0,
      "path_length": 0.0,
      "net_displacement": 0.0,
      "displacement_efficiency": 0.0,
      "bbox_width": 0.0,
      "bbox_height": 0.0,
      "bbox_area": 0.0,
      "stable": 1.0,
      "label": "DNpe056",
      "side_mode": "left",
      "stim_current": 40.0,
      "duration_s": 0.05,
      "wall_seconds": 4.216514399973676,
      "real_time_factor": 0.011858135715204046,
      "mean_left_drive": 0.14772397047200403,
      "mean_right_drive": -0.14772397047200403,
      "mean_total_drive": 0.0,
      "mean_abs_drive_diff": 0.29544794094400806,
      "end_yaw": -0.014772397047200436,
      "mean_forward_speed_log": 0.0
    },
    {
      "sim_seconds": 0.048,
      "avg_forward_speed": 0.033244289715687374,
      "trajectory_smoothness": 0.9932681484765243,
      "path_length": 0.001595725906352994,
      "net_displacement": 0.0015957223154969198,
      "displacement_efficiency": 0.9999977497037179,
      "bbox_width": 0.0015956390866303548,
      "bbox_height": 1.6297649901076748e-05,
      "bbox_area": 2.6005167202375395e-08,
      "stable": 1.0,
      "label": "DNpe056",
      "side_mode": "right",
      "stim_current": 40.0,
      "duration_s": 0.05,
      "wall_seconds": 4.190558200003579,
      "real_time_factor": 0.01193158467527245,
      "mean_left_drive": -0.12843609524353694,
      "mean_right_drive": 0.16035061426365893,
      "mean_total_drive": 0.031914519020122,
      "mean_abs_drive_diff": 0.2887867095071959,
      "end_yaw": 0.014439335475359803,
      "mean_forward_speed_log": 0.03416954802543275
    }
  ]
}