{
  "config": "configs/flygym_realistic_vision_splice_uvgrid_celltype_descending_readout_calibrated.yaml",
  "mode": "flygym",
  "candidates_json": "outputs/metrics/descending_readout_candidates_strict.json",
  "stim_current": 40.0,
  "duration": 0.1,
  "rows": [
    {
      "sim_seconds": 0.098,
      "avg_forward_speed": 1.878783882417969,
      "trajectory_smoothness": 0.3810701903631903,
      "path_length": 0.18412082047696096,
      "net_displacement": 0.048218781649055874,
      "displacement_efficiency": 0.2618866325065583,
      "bbox_width": 0.0876833712682128,
      "bbox_height": 0.006856860127300024,
      "bbox_area": 0.0006012326122762529,
      "stable": 1.0,
      "label": "baseline",
      "side_mode": "baseline",
      "stim_current": 0.0,
      "duration_s": 0.1,
      "wall_seconds": 15.449390469999344,
      "real_time_factor": 0.006472747270786293,
      "mean_left_drive": 0.0,
      "mean_right_drive": 0.0,
      "mean_total_drive": 0.0,
      "mean_abs_drive_diff": 0.0,
      "end_yaw": 0.0021181274205446243,
      "mean_forward_speed_log": 0.13364981440385482
    },
    {
      "sim_seconds": 0.098,
      "avg_forward_speed": 5.665292283746909,
      "trajectory_smoothness": 0.3391539570067173,
      "path_length": 0.5551986438071972,
      "net_displacement": 0.330254962672949,
      "displacement_efficiency": 0.5948410831991082,
      "bbox_width": 0.315520403906703,
      "bbox_height": 0.17163579014595598,
      "bbox_area": 0.05415459383169814,
      "stable": 1.0,
      "label": "DNg97",
      "side_mode": "bilateral",
      "stim_current": 40.0,
      "duration_s": 0.1,
      "wall_seconds": 16.189198203999695,
      "real_time_factor": 0.00617695816308519,
      "mean_left_drive": 0.5197085019399121,
      "mean_right_drive": 0.48079631096193376,
      "mean_total_drive": 1.000504812901846,
      "mean_abs_drive_diff": 0.03891219097797835,
      "end_yaw": 0.003284173086285591,
      "mean_forward_speed_log": 9.72840769217153
    },
    {
      "sim_seconds": 0.098,
      "avg_forward_speed": 5.8451637776746415,
      "trajectory_smoothness": 0.33030764010417474,
      "path_length": 0.5728260502121149,
      "net_displacement": 0.34533418832470136,
      "displacement_efficiency": 0.6028604812871651,
      "bbox_width": 0.331423906609416,
      "bbox_height": 0.17481564392801374,
      "bbox_area": 0.057938083647062946,
      "stable": 1.0,
      "label": "DNp103",
      "side_mode": "bilateral",
      "stim_current": 40.0,
      "duration_s": 0.1,
      "wall_seconds": 16.452944125001522,
      "real_time_factor": 0.006077939561469869,
      "mean_left_drive": 0.5276468712768007,
      "mean_right_drive": 0.5276468712768007,
      "mean_total_drive": 1.0552937425536013,
      "mean_abs_drive_diff": 0.0,
      "end_yaw": 0.011671312153339386,
      "mean_forward_speed_log": 10.294617112922536
    },
    {
      "sim_seconds": 0.098,
      "avg_forward_speed": 5.673164541687558,
      "trajectory_smoothness": 0.3434749449316502,
      "path_length": 0.5559701250853807,
      "net_displacement": 0.3326125122715775,
      "displacement_efficiency": 0.5982560883473694,
      "bbox_width": 0.31708779744803905,
      "bbox_height": 0.17152403143700212,
      "bbox_area": 0.05438817733776721,
      "stable": 1.0,
      "label": "DNp18",
      "side_mode": "bilateral",
      "stim_current": 40.0,
      "duration_s": 0.1,
      "wall_seconds": 16.20034734699948,
      "real_time_factor": 0.006172707156092017,
      "mean_left_drive": 0.500252406450923,
      "mean_right_drive": 0.500252406450923,
      "mean_total_drive": 1.000504812901846,
      "mean_abs_drive_diff": 0.0,
      "end_yaw": 0.013389702886343002,
      "mean_forward_speed_log": 9.696170557001714
    },
    {
      "sim_seconds": 0.098,
      "avg_forward_speed": 3.837732923827833,
      "trajectory_smoothness": 0.3462435758712462,
      "path_length": 0.37609782653512774,
      "net_displacement": 0.13859591296973298,
      "displacement_efficiency": 0.3685102736343201,
      "bbox_width": 0.1406221818178892,
      "bbox_height": 0.04706613137386739,
      "bbox_area": 0.00661854208352064,
      "stable": 1.0,
      "label": "DNp71",
      "side_mode": "left",
      "stim_current": 40.0,
      "duration_s": 0.1,
      "wall_seconds": 15.84458966999955,
      "real_time_factor": 0.006311302601249556,
      "mean_left_drive": 0.2096277207720779,
      "mean_right_drive": -0.2096277207720779,
      "mean_total_drive": 0.0,
      "mean_abs_drive_diff": 0.4192554415441558,
      "end_yaw": -0.0078031825833022594,
      "mean_forward_speed_log": 3.38500749639821
    },
    {
      "sim_seconds": 0.098,
      "avg_forward_speed": 3.837732923827833,
      "trajectory_smoothness": 0.3462435758712462,
      "path_length": 0.37609782653512774,
      "net_displacement": 0.13859591296973298,
      "displacement_efficiency": 0.3685102736343201,
      "bbox_width": 0.1406221818178892,
      "bbox_height": 0.04706613137386739,
      "bbox_area": 0.00661854208352064,
      "stable": 1.0,
      "label": "DNp71",
      "side_mode": "right",
      "stim_current": 40.0,
      "duration_s": 0.1,
      "wall_seconds": 16.19020952599749,
      "real_time_factor": 0.006176572319179973,
      "mean_left_drive": -0.2096277207720779,
      "mean_right_drive": 0.2096277207720779,
      "mean_total_drive": 0.0,
      "mean_abs_drive_diff": 0.4192554415441558,
      "end_yaw": -0.0078031825833022594,
      "mean_forward_speed_log": 3.38500749639821
    },
    {
      "sim_seconds": 0.098,
      "avg_forward_speed": 3.9668521925865456,
      "trajectory_smoothness": 0.34027130890614277,
      "path_length": 0.3887515148734815,
      "net_displacement": 0.14745305208085954,
      "displacement_efficiency": 0.3792989774685454,
      "bbox_width": 0.14668617956340313,
      "bbox_height": 0.05637828249018639,
      "bbox_area": 0.008269914868831748,
      "stable": 1.0,
      "label": "DNpe040",
      "side_mode": "left",
      "stim_current": 40.0,
      "duration_s": 0.1,
      "wall_seconds": 16.995470641999418,
      "real_time_factor": 0.0058839206107584195,
      "mean_left_drive": 0.27092666131487714,
      "mean_right_drive": -0.15536215243331672,
      "mean_total_drive": 0.11556450888156043,
      "mean_abs_drive_diff": 0.4262888137481939,
      "end_yaw": -0.023257197812199593,
      "mean_forward_speed_log": 3.1576098405178126
    },
    {
      "sim_seconds": 0.098,
      "avg_forward_speed": 3.7684710395483396,
      "trajectory_smoothness": 0.38315183575887474,
      "path_length": 0.3693101618757373,
      "net_displacement": 0.1618965676965608,
      "displacement_efficiency": 0.4383756105553211,
      "bbox_width": 0.16430002264678478,
      "bbox_height": 0.0468132282840088,
      "bbox_area": 0.007691414467231752,
      "stable": 1.0,
      "label": "DNpe040",
      "side_mode": "right",
      "stim_current": 40.0,
      "duration_s": 0.1,
      "wall_seconds": 21.378711989000294,
      "real_time_factor": 0.004677550268297345,
      "mean_left_drive": -0.16570523312267116,
      "mean_right_drive": 0.28588998563732415,
      "mean_total_drive": 0.12018475251465302,
      "mean_abs_drive_diff": 0.45159521875999525,
      "end_yaw": 0.014301029033958912,
      "mean_forward_speed_log": 3.77084374529374
    },
    {
      "sim_seconds": 0.098,
      "avg_forward_speed": 3.837732923827833,
      "trajectory_smoothness": 0.3462435758712462,
      "path_length": 0.37609782653512774,
      "net_displacement": 0.13859591296973298,
      "displacement_efficiency": 0.3685102736343201,
      "bbox_width": 0.1406221818178892,
      "bbox_height": 0.04706613137386739,
      "bbox_area": 0.00661854208352064,
      "stable": 1.0,
      "label": "DNpe056",
      "side_mode": "left",
      "stim_current": 40.0,
      "duration_s": 0.1,
      "wall_seconds": 17.830186570001388,
      "real_time_factor": 0.00560846627192596,
      "mean_left_drive": 0.2096277207720779,