avg_forward_speed,corr_drive_diff_vs_target_bearing,corr_forward_speed_vs_target_frontalness,corr_total_drive_vs_target_frontalness,displacement_efficiency,mean_abs_drive_diff,mean_abs_yaw_rate,mean_forward_speed_log,mean_total_drive,net_displacement,nonzero_command_cycles,path_length,real_time_factor,run,sim_seconds,stable,steer_sign_match_rate,steer_sign_opp_rate,target_distance_end,target_distance_min,target_distance_start,target_enabled,target_state_source
4.326325286840003,0.7228049533574713,0.2452151723394304,0.330852251649671,0.571940438198806,0.18706207480312084,1.5402772686938988,4.323040450621868,0.48122784453026124,4.943851959931002,993,8.643997923106326,0.0023285526153728154,target,1.9999999999997962,1.0,0.7476828012358393,0.23274974253347064,10.916721456338545,6.561599208550393,9.99257404565486,True,logged
3.6971077463080686,,,,0.6685375152288059,0.12627696034183364,1.2038116963667562,3.694452127630464,0.436327681959764,4.938367142047433,993,7.386821277123521,0.0030810205116630885,no_target,1.9999999999997962,1.0,,,,,,False,
0.18465096971869335,,,,0.0320475393946615,0.0,0.06149121464113705,0.18550780781767853,0.0,0.011823383234191902,0,0.36893263749794936,0.006368850496538407,zero_brain,1.9999999999997962,1.0,,,,,,False,
