{
  "vision_network_dir": "/root/.local/share/mamba/envs/flysim-full/lib/python3.10/site-packages/flyvis/data/results/flow/0000/000",
  "vision_refresh_rate_hz": 500.0,
  "steps": 40,
  "tail_steps": 10,
  "baseline_value": 1.0,
  "patch_value": 0.0,
  "side_fraction": 0.35,
  "num_valid_cell_types": 63,
  "stimulus_plot": "outputs/plots/inferred_lateralized_visual_stimuli.png",
  "top_candidates_all": [
    {
      "cell_type": "TmY14",
      "body_left_left_eye_mean": 0.702012554089059,
      "body_left_right_eye_mean": 0.9178556938915717,
      "body_right_left_eye_mean": 0.9178556938915717,
      "body_right_right_eye_mean": 0.702012554089059,
      "body_center_abs_delta": 0.7975532890394561,
      "is_tracking_cell": true,
      "is_flow_cell": false,
      "body_left_eye_diff": -0.21584313980251268,
      "body_right_eye_diff": 0.21584313980251268,
      "mirror_selectivity_score": 0.43168627960502537,
      "sign_flip_consistent": true
    },
    {
      "cell_type": "TmY15",
      "body_left_left_eye_mean": -0.28407671995364214,
      "body_left_right_eye_mean": -0.36283799243437787,
      "body_right_left_eye_mean": -0.36283799243437787,
      "body_right_right_eye_mean": -0.28407671995364214,
      "body_center_abs_delta": 0.29236909120009213,
      "is_tracking_cell": true,
      "is_flow_cell": false,
      "body_left_eye_diff": 0.07876127248073572,
      "body_right_eye_diff": -0.07876127248073572,
      "mirror_selectivity_score": 0.15752254496147144,
      "sign_flip_consistent": true
    },
    {
      "cell_type": "T5d",
      "body_left_left_eye_mean": 0.7881614429653961,
      "body_left_right_eye_mean": 0.845911397404608,
      "body_right_left_eye_mean": 0.845911397404608,
      "body_right_right_eye_mean": 0.7881614429653961,
      "body_center_abs_delta": 0.7906872566524644,
      "is_tracking_cell": false,
      "is_flow_cell": true,
      "body_left_eye_diff": -0.057749954439211826,
      "body_right_eye_diff": 0.057749954439211826,
      "mirror_selectivity_score": 0.11549990887842365,
      "sign_flip_consistent": true
    },
    {
      "cell_type": "T5c",
      "body_left_left_eye_mean": 0.5994171069090701,
      "body_left_right_eye_mean": 0.6389963727491531,
      "body_right_left_eye_mean": 0.6389963727491531,
      "body_right_right_eye_mean": 0.5994171069090701,
      "body_center_abs_delta": 0.6058698074206256,
      "is_tracking_cell": false,
      "is_flow_cell": true,
      "body_left_eye_diff": -0.03957926584008298,
      "body_right_eye_diff": 0.03957926584008298,
      "mirror_selectivity_score": 0.07915853168016596,
      "sign_flip_consistent": true
    },
    {
      "cell_type": "T4b",
      "body_left_left_eye_mean": -0.4029320669316362,
      "body_left_right_eye_mean": -0.4400078632906623,
      "body_right_left_eye_mean": -0.4400078632906623,
      "body_right_right_eye_mean": -0.4029320669316362,
      "body_center_abs_delta": 0.3983801689677428,
      "is_tracking_cell": false,
      "is_flow_cell": true,
      "body_left_eye_diff": 0.037075796359026136,
      "body_right_eye_diff": -0.037075796359026136,
      "mirror_selectivity_score": 0.07415159271805227,
      "sign_flip_consistent": true
    },
    {
      "cell_type": "TmY5a",
      "body_left_left_eye_mean": 0.3075521717339881,
      "body_left_right_eye_mean": 0.3375737902117706,
      "body_right_left_eye_mean": 0.3375737902117706,
      "body_right_right_eye_mean": 0.3075521717339881,
      "body_center_abs_delta": 0.3076676903206238,
      "is_tracking_cell": true,
      "is_flow_cell": false,
      "body_left_eye_diff": -0.030021618477782508,
      "body_right_eye_diff": 0.030021618477782508,
      "mirror_selectivity_score": 0.060043236955565016,
      "sign_flip_consistent": true
    },
    {
      "cell_type": "TmY4",
      "body_left_left_eye_mean": 0.7001260652267062,
      "body_left_right_eye_mean": 0.6702581024588236,
      "body_right_left_eye_mean": 0.6702581024588236,
      "body_right_right_eye_mean": 0.7001260652267062,
      "body_center_abs_delta": 0.7207324484988875,
      "is_tracking_cell": true,
      "is_flow_cell": false,
      "body_left_eye_diff": 0.029867962767882617,
      "body_right_eye_diff": -0.029867962767882617,
      "mirror_selectivity_score": 0.05973592553576523,
      "sign_flip_consistent": true
    },
    {
      "cell_type": "TmY18",
      "body_left_left_eye_mean": -1.0400096338548699,
      "body_left_right_eye_mean": -1.0106066753595937,
      "body_right_left_eye_mean": -1.0106066753595937,
      "body_right_right_eye_mean": -1.0400096338548699,
      "body_center_abs_delta": 1.0066827425280134,
      "is_tracking_cell": true,
      "is_flow_cell": false,
      "body_left_eye_diff": -0.029402958495276188,
      "body_right_eye_diff": 0.029402958495276188,
      "mirror_selectivity_score": 0.058805916990552376,
      "sign_flip_consistent": true
    },
    {
      "cell_type": "T5a",
      "body_left_left_eye_mean": 0.3868302222147777,
      "body_left_right_eye_mean": 0.41398734428400263,
      "body_right_left_eye_mean": 0.41398734428400263,
      "body_right_right_eye_mean": 0.3868302222147777,
      "body_center_abs_delta": 0.40409894462613727,
      "is_tracking_cell": false,
      "is_flow_cell": true,
      "body_left_eye_diff": -0.027157122069224937,
      "body_right_eye_diff": 0.027157122069224937,
      "mirror_selectivity_score": 0.054314244138449874,
      "sign_flip_consistent": true
    },
    {
      "cell_type": "TmY9",
      "body_left_left_eye_mean": -0.4416155620828851,
      "body_left_right_eye_mean": -0.416724105082549,
      "body_right_left_eye_mean": -0.416724105082549,
      "body_right_right_eye_mean": -0.4416155620828851,
      "body_center_abs_delta": 0.41822100058485656,
      "is_tracking_cell": true,
      "is_flow_cell": false,
      "body_left_eye_diff": -0.024891457000336126,
      "body_right_eye_diff": 0.024891457000336126,
      "mirror_selectivity_score": 0.04978291400067225,
      "sign_flip_consistent": true
    },
    {
      "cell_type": "Mi10",
      "body_left_left_eye_mean": -1.1585027514082011,
      "body_left_right_eye_mean": -1.1339436305775528,
      "body_right_left_eye_mean": -1.1339436305775528,
      "body_right_right_eye_mean": -1.1585027514082011,
      "body_center_abs_delta": 1.1339429399293477,
      "is_tracking_cell": false,
      "is_flow_cell": false,
      "body_left_eye_diff": -0.024559120830648373,
      "body_right_eye_diff": 0.024559120830648373,
      "mirror_selectivity_score": 0.049118241661296747,
      "sign_flip_consistent": true
    },
    {
      "cell_type": "T3",
      "body_left_left_eye_mean": -0.8313182577261,
      "body_left_right_eye_mean": -0.855470735411204,
      "body_right_left_eye_mean": -0.855470735411204,
      "body_right_right_eye_mean": -0.8313182577261,
      "body_center_abs_delta": 0.8361145024186065,
      "is_tracking_cell": true,
      "is_flow_cell": false,
      "body_left_eye_diff": 0.02415247768510398,
      "body_right_eye_diff": -0.02415247768510398,
      "mirror_selectivity_score": 0.04830495537020796,
      "sign_flip_consistent": true
    },
    {
      "cell_type": "Mi4",
      "body_left_left_eye_mean": -2.6127554902419834,
      "body_left_right_eye_mean": -2.63653289814403,
      "body_right_left_eye_mean": -2.63653289814403,
      "body_right_right_eye_mean": -2.6127554902419834,
      "body_center_abs_delta": 2.606199367779476,
      "is_tracking_cell": false,
      "is_flow_cell": false,
      "body_left_eye_diff": 0.023777407902046743,
      "body_right_eye_diff": -0.023777407902046743,
      "mirror_selectivity_score": 0.047554815804093487,
      "sign_flip_consistent": true
    },
    {
      "cell_type": "T5b",
      "body_left_left_eye_mean": 0.33448403743619814,
      "body_left_right_eye_mean": 0.3575870081816232,
      "body_right_left_eye_mean": 0.3575870081816232,
      "body_right_right_eye_mean": 0.33448403743619814,