{
  "best_run": {
    "summary_json": "outputs/metrics/splice_probe_signed_bins4_100ms_state_summary.json",
    "groups_csv": "outputs\\metrics\\splice_probe_signed_bins4_100ms_state_groups.csv",
    "spatial_bins": 4,
    "value_scale": 101.94613788960949,
    "mean_rate_group_corr": 0.7700702779630388,
    "mean_rate_side_corr": 0.41952031038671356,
    "mean_voltage_group_corr": 0.8708793374772096,
    "mean_voltage_side_corr": 0.8078516438460273,
    "mean_conductance_group_corr": 0.8774996447997047,
    "mean_conductance_side_corr": 0.8124693040222548,
    "left_turn_bias": -10.0,
    "right_turn_bias": 10.0,
    "saturation_fraction": 0.01020408163265306,
    "calibration_score": 3.0622486399809445
  },
  "rows": [
    {
      "summary_json": "outputs/metrics/splice_probe_signed_bins4_100ms_state_summary.json",
      "groups_csv": "outputs\\metrics\\splice_probe_signed_bins4_100ms_state_groups.csv",
      "spatial_bins": 4,
      "value_scale": 101.94613788960949,
      "mean_rate_group_corr": 0.7700702779630388,
      "mean_rate_side_corr": 0.41952031038671356,
      "mean_voltage_group_corr": 0.8708793374772096,
      "mean_voltage_side_corr": 0.8078516438460273,
      "mean_conductance_group_corr": 0.8774996447997047,
      "mean_conductance_side_corr": 0.8124693040222548,
      "left_turn_bias": -10.0,
      "right_turn_bias": 10.0,
      "saturation_fraction": 0.01020408163265306,
      "calibration_score": 3.0622486399809445
    },
    {
      "summary_json": "outputs/metrics/splice_probe_calibration_runs/bins1_current80p0_summary.json",
      "groups_csv": "outputs\\metrics\\splice_probe_calibration_runs\\bins1_current80p0_groups.csv",
      "spatial_bins": 1,
      "value_scale": 105.04742465964493,
      "mean_rate_group_corr": 0.8197763212087812,
      "mean_rate_side_corr": 0.5233650161115377,
      "mean_voltage_group_corr": 0.8863602158299286,
      "mean_voltage_side_corr": 0.6397802049433732,
      "mean_conductance_group_corr": 0.8931031691232103,
      "mean_conductance_side_corr": 0.6500555580530469,
      "left_turn_bias": -15.0,
      "right_turn_bias": 15.0,
      "saturation_fraction": 0.02040816326530612,
      "calibration_score": 2.805214196714376
    },
    {
      "summary_json": "outputs/metrics/splice_probe_bins4_current40_summary.json",
      "groups_csv": "outputs\\metrics\\splice_probe_bins4_current40_groups.csv",
      "spatial_bins": 4,
      "value_scale": 33.98204596320316,
      "mean_rate_group_corr": 0.7775747368639213,
      "mean_rate_side_corr": 0.4637649409128908,
      "mean_voltage_group_corr": 0.8717079515902142,
      "mean_voltage_side_corr": 0.8073458026665761,
      "mean_conductance_group_corr": 0.8872162784830026,
      "mean_conductance_side_corr": 0.8207432002529351,
      "left_turn_bias": 10.0,
      "right_turn_bias": -20.0,
      "saturation_fraction": 0.003401360544217687,
      "calibration_score": 2.075923934501643
    },
    {
      "summary_json": "outputs/metrics/splice_probe_bins4_current80_summary.json",
      "groups_csv": "outputs\\metrics\\splice_probe_bins4_current80_groups.csv",
      "spatial_bins": 4,
      "value_scale": 67.96409192640633,
      "mean_rate_group_corr": 0.7730746564913332,
      "mean_rate_side_corr": 0.4371673848123002,
      "mean_voltage_group_corr": 0.8711082855689634,
      "mean_voltage_side_corr": 0.8077399151310903,
      "mean_conductance_group_corr": 0.8805698558863082,
      "mean_conductance_side_corr": 0.814982684008462,
      "left_turn_bias": -30.0,
      "right_turn_bias": -15.0,
      "saturation_fraction": 0.003401360544217687,
      "calibration_score": 2.0759154371771635
    },
    {
      "summary_json": "outputs/metrics/splice_probe_bins4_current20_summary.json",
      "groups_csv": "outputs\\metrics\\splice_probe_bins4_current20_groups.csv",
      "spatial_bins": 4,
      "value_scale": 16.99102298160158,
      "mean_rate_group_corr": 0.7750553300706614,
      "mean_rate_side_corr": 0.4788519386242075,
      "mean_voltage_group_corr": 0.872669602508996,
      "mean_voltage_side_corr": 0.8065570985290893,
      "mean_conductance_group_corr": 0.8978123161703782,
      "mean_conductance_side_corr": 0.831688703465543,
      "left_turn_bias": -30.0,
      "right_turn_bias": -15.0,
      "saturation_fraction": 0.003401360544217687,
      "calibration_score": 2.0757025292141944
    },
    {
      "summary_json": "outputs/metrics/splice_probe_calibration_runs/bins2_current40p0_summary.json",
      "groups_csv": "outputs\\metrics\\splice_probe_calibration_runs\\bins2_current40p0_groups.csv",
      "spatial_bins": 2,
      "value_scale": 40.755237092458565,
      "mean_rate_group_corr": 0.7935841093377425,
      "mean_rate_side_corr": 0.4467890906084433,
      "mean_voltage_group_corr": 0.8766031339122486,
      "mean_voltage_side_corr": 0.8080154733960139,
      "mean_conductance_group_corr": 0.8901905523902202,
      "mean_conductance_side_corr": 0.8164018688167073,
      "left_turn_bias": 15.0,
      "right_turn_bias": 10.0,
      "saturation_fraction": 0.006802721088435374,
      "calibration_score": 2.0750209018293986
    },
    {
      "summary_json": "outputs/metrics/splice_probe_calibration_runs/bins2_current20p0_summary.json",
      "groups_csv": "outputs\\metrics\\splice_probe_calibration_runs\\bins2_current20p0_groups.csv",
      "spatial_bins": 2,
      "value_scale": 20.377618546229282,
      "mean_rate_group_corr": 0.7945114913126456,
      "mean_rate_side_corr": 0.45696352062814005,
      "mean_voltage_group_corr": 0.8774519355702168,
      "mean_voltage_side_corr": 0.8074366979391228,
      "mean_conductance_group_corr": 0.8992003662790151,
      "mean_conductance_side_corr": 0.8233875764230669,
      "left_turn_bias": -15.0,
      "right_turn_bias": -30.0,
      "saturation_fraction": 0.013605442176870748,
      "calibration_score": 2.06139609812516
    },
    {
      "summary_json": "outputs/metrics/splice_probe_bins2_current80_summary.json",
      "groups_csv": "outputs\\metrics\\splice_probe_bins2_current80_groups.csv",
      "spatial_bins": 2,
      "value_scale": 81.51047418491713,
      "mean_rate_group_corr": 0.7893473550341418,
      "mean_rate_side_corr": 0.4188932229959433,
      "mean_voltage_group_corr": 0.876071602149887,
      "mean_voltage_side_corr": 0.8082738167180084,
      "mean_conductance_group_corr": 0.8839257034560681,
      "mean_conductance_side_corr": 0.8125975868095687,
      "left_turn_bias": -10.0,
      "right_turn_bias": -30.0,
      "saturation_fraction": 0.013605442176870748,
      "calibration_score": 2.0612714428731578
    },
    {
      "summary_json": "outputs/metrics/splice_probe_calibration_runs/bins2_current10p0_summary.json",
      "groups_csv": "outputs\\metrics\\splice_probe_calibration_runs\\bins2_current10p0_groups.csv",
      "spatial_bins": 2,
      "value_scale": 10.188809273114641,
      "mean_rate_group_corr": 0.7922851907849021,
      "mean_rate_side_corr": 0.4738455493338297,
      "mean_voltage_group_corr": 0.8788357638313263,
      "mean_voltage_side_corr": 0.8063473559375587,
      "mean_conductance_group_corr": 0.9120176627692353,
      "mean_conductance_side_corr": 0.8364455519224993,
      "left_turn_bias": -35.0,
      "right_turn_bias": -5.0,
      "saturation_fraction": 0.013605442176870748,
      "calibration_score": 2.061145913383923
    },
    {
      "summary_json": "outputs/metrics/splice_probe_calibration_runs/bins1_current120p0_summary.json",
      "groups_csv": "outputs\\metrics\\splice_probe_calibration_runs\\bins1_current120p0_groups.csv",
      "spatial_bins": 1,
      "value_scale": 157.5711369894674,
      "mean_rate_group_corr": 0.8160864035039875,
      "mean_rate_side_corr": 0.48111291463542233,
      "mean_voltage_group_corr": 0.8862233696421347,
      "mean_voltage_side_corr": 0.640096914691659,
      "mean_conductance_group_corr": 0.8911840741586189,
      "mean_conductance_side_corr": 0.6465624411932567,
      "left_turn_bias": -20.0,