sim_seconds,avg_forward_speed,trajectory_smoothness,path_length,stable,wall_seconds,real_time_factor,device,mode
0.018000000000000002,0.7535152234346831,0.7822966966698862,0.013563274021824296,1.0,25.198684569000008,0.0007143230016912871,cpu,flygym
